{
  "name": "Komari Theme PurCart",
  "short": "PurCarte",
  "description": "A frosted glass theme for Komari",
  "version": "1.2.0",
  "author": "Montia & Gemini",
  "url": "https://github.com/Montia37/Komari-theme-purcarte",
  "preview": "preview.png",
  "configuration": {
    "type": "managed",
    "data": [
      {
        "name": "样式调整",
        "type": "title"
      },
      {
        "key": "mainWidth",
        "name": "主要内容宽度",
        "type": "number",
        "default": 85,
        "help": "调整主要内容的最大宽度，单位为视口宽度的百分比（vw），建议值为 80-90"
      },
      {
        "key": "backgroundImage",
        "name": "桌面端背景图片链接",
        "type": "string",
        "default": "/assets/Moonlit-Scenery.webp",
        "help": "目前支持单张背景图片或图片api，使用“|”分隔亮色模式和暗色模式，填写单个则同时用于亮暗模式，请自行测试（eg: https://test.com/1.png）"
      },
      {
        "key": "backgroundImageMobile",
        "name": "移动端背景图片链接",
        "type": "string",
        "default": "",
        "help": "移动端背景图片链接，与桌面端一样区分亮暗模式，留空则使用桌面端背景"
      },
      {
        "key": "enableVideoBackground",
        "name": "启用视频背景",
        "type": "switch",
        "default": false,
        "help": "启用后将使用视频作为背景"
      },
      {
        "key": "videoBackgroundUrl",
        "name": "桌面端视频背景链接",
        "type": "string",
        "default": "/assets/LanternRivers_1080p15fps2Mbps3s.mp4",
        "help": "视频背景链接（eg: https://test.com/1.mp4），使用“|”分隔亮色模式和暗色模式，填写单个则同时用于亮暗模式，建议使用无声视频，且视频文件较大时可能会影响加载速度"
      },
      {
        "key": "videoBackgroundUrlMobile",
        "name": "移动端视频背景链接",
        "type": "string",
        "default": "",
        "help": "移动端视频背景链接，与桌面端一样区分亮暗模式，留空则使用桌面端视频"
      },
      {
        "key": "enableBlur",
        "name": "启用磨砂玻璃效果",
        "type": "switch",
        "default": true,
        "help": "启用后将使主要容器拥有磨砂玻璃效果"
      },
      {
        "key": "blurValue",
        "name": "磨砂玻璃模糊值",
        "type": "number",
        "default": 10,
        "help": "调整模糊值大小，数值越大模糊效果越明显，建议值为 5-20，为 0 则表示不启用模糊效果"
      },
      {
        "key": "blurBackgroundColor",
        "name": "磨砂玻璃背景色",
        "type": "string",
        "default": "rgba(255, 255, 255, 0.5)|rgba(0, 0, 0, 0.5)",
        "help": "调整模糊背景色，推荐 rgba 颜色值（eg: rgba(255, 255, 255, 0.5)|rgba(0, 0, 0, 0.5)），使用“|”分隔亮色模式和暗色模式的颜色值，填写单个则同时用于亮暗模式"
      },
      {
        "key": "enableTransparentTags",
        "name": "启用标签透明背景",
        "type": "switch",
        "default": true,
        "help": "启用后标签将使用较为透明的背景色，当背景情况复杂导致标签难以辨识时建议关闭"
      },
      {
        "key": "tagDefaultColorList",
        "name": "标签默认颜色列表",
        "type": "string",
        "default": "ruby,gray,gold,bronze,brown,yellow,amber,orange,tomato,red",
        "help": "标签默认颜色列表，展示的标签将按顺序调用该颜色池，逗号分隔（可用的颜色列表请参考：https://www.radix-ui.com/themes/docs/theme/color，改完没有生效则说明填写有误）"
      },
      {
        "key": "selectThemeColor",
        "name": "默认主题颜色",
        "type": "select",
        "options": "gray,gold,bronze,brown,yellow,amber,orange,tomato,red,ruby,crimson,pink,plum,purple,violet,iris,indigo,blue,cyan,teal,jade,green,grass,lime,mint,sky",
        "default": "violet",
        "help": "设置默认主题颜色，颜色对照请参考：https://www.radix-ui.com/themes/docs/theme/color"
      },
      {
        "name": "浏览器本地存储配置",
        "type": "title"
      },
      {
        "key": "enableLocalStorage",
        "name": "启用 localStorage 配置",
        "type": "switch",
        "default": true,
        "help": "启用后将优先使用用户浏览器本地配置的视图和外观设置。关闭后将强制使用下方的主题配置，本地可调整但刷新即恢复"
      },
      {
        "key": "selectedDefaultView",
        "name": "桌面端默认展示视图",
        "type": "select",
        "options": "grid,table,compact",
        "default": "grid",
        "help": "设置默认展示视图为网格、表格或紧凑型"
      },
      {
        "key": "selectedDefaultAppearance",
        "name": "默认外观",
        "type": "select",
        "options": "system,light,dark",
        "default": "system",
        "help": "设置默认外观为浅色、深色或系统主题"
      },
      {
        "key": "statusCardsVisibility",
        "name": "状态卡片显示控制",
        "type": "string",
        "default": "currentTime:true,currentOnline:true,regionOverview:true,trafficOverview:true,networkSpeed:true",
        "help": "控制状态卡片的显示与隐藏，格式为 卡片名称:显示状态（true/false），多个卡片使用逗号分隔，支持的卡片名称包括 currentTime（当前时间）, currentOnline（当前在线）, regionOverview（点亮地区）, trafficOverview（流量概览）, networkSpeed（网络速率）"
      },
      {
        "name": "标题栏设置",
        "type": "title"
      },
      {
        "key": "enableLogo",
        "name": "启用标题栏左侧 Logo",
        "type": "switch",
        "default": false,
        "help": "启用后默认在标题栏左侧显示 Logo"
      },
      {
        "key": "logoUrl",
        "name": "Logo 图片链接",
        "type": "string",
        "required": false,
        "default": "/assets/logo.png",
        "help": "Logo 图片链接（eg: https://test.com/logo.png）"
      },
      {
        "key": "enableTitle",
        "name": "启用标题栏标题",
        "type": "switch",
        "default": true,
        "help": "启用后默认在顶栏左侧显示标题"
      },
      {
        "key": "titleText",
        "name": "标题栏标题文本",
        "type": "string",
        "default": "",
        "help": "标题栏左侧显示的文本（留空则使用站点标题）"
      },
      {
        "key": "enableSearchButton",
        "name": "启用搜索按钮",
        "type": "switch",
        "default": true,
        "help": "启用后默认在标题栏右侧显示搜索按钮"
      },
      {
        "key": "enableAdminButton",
        "name": "启用管理按钮",
        "type": "switch",
        "default": true,
        "help": "启用后默认在标题栏右侧显示管理按钮"
      },
      {
        "name": "内容设置",
        "type": "title"
      },
      {
        "key": "enableJsonRPC2Api",
        "name": "启用 JSON-RPC2 API 适配（实验性，未完全支持特性）",
        "type": "switch",
        "default": false,
        "help": "启用后将在支持的 Komari 版本（>=1.0.7）优先使用 JSON-RPC2 API 获取数据，以提升兼容性和性能，若出现问题请关闭此选项"
      },
      {
        "key": "isShowStatsInHeader",
        "name": "是否在标题栏中显示统计信息",
        "type": "switch",
        "default": false,
        "help": "启用后将在标题栏中显示统计信息，仅在大屏桌面端有效，当标题栏空间不足时将恢复原统计栏位置"
      },
      {
        "key": "mergeGroupsWithStats",
        "name": "合并分组栏与统计栏",
        "type": "switch",
        "default": false,
        "help": "启用后分组栏将合并到统计栏中，并以下拉菜单形式展示"
      },
      {
        "key": "enableStatsBar",
        "name": "启用统计栏",
        "type": "switch",
        "default": true,
        "help": "启用后默认显示统计栏"
      },
      {
        "key": "enableSortControl",
        "name": "启用排序控制",
        "type": "switch",
        "default": false,
        "help": "启用后在统计栏添加排序控制下拉菜单选项，分别对流量上下行和网速上下行进行升降排序，仅在启用统计栏时有效"
      },
      {
        "key": "enableGroupedBar",
        "name": "启用分组栏",
        "type": "switch",
        "default": true,
        "help": "启用后默认显示分组栏"
      },
      {
        "key": "selectMobileDefaultView",
        "name": "移动端默认展示视图",
        "type": "select",
        "options": "grid,table,compact",
        "default": "grid",
        "help": "设置移动端默认展示视图为网格、表格或紧凑型"
      },
      {
        "key": "enableSwap",
        "name": "启用 SWAP 显示",
        "type": "switch",
        "default": true,
        "help": "启用后默认显示 SWAP 信息"
      },
      {
        "key": "pingChartTimeInPreview",
        "name": "预览详情的延迟图表时间范围",
        "type": "number",
        "default": 1,
        "help": "设置卡片右上角弹窗详情和表格下拉详情中延迟图表的时间范围，单位为小时，建议值为 1-24，时间范围太大容易导致页面卡顿"
      },
      {
        "key": "isShowHWBarInCard",
        "name": "是否在卡片中显示硬件信息栏",
        "type": "switch",
        "default": true,
        "help": "启用后将在节点卡片中标题栏之下显示硬件信息栏（CPU、内存和硬盘总量）"
      },
      {
        "key": "isShowValueUnderProgressBar",
        "name": "是否在流量进度条下方显示数值",
        "type": "switch",
        "default": false,
        "help": "启用后将在内存、SWAP、硬盘占用情况进度条下方显示实际占用数值"
      },
      {
        "key": "selectTrafficProgressStyle",
        "name": "流量进度条样式",
        "type": "select",
        "options": "circular,linear",
        "default": "circular",
        "help": "设置流量进度条样式为 circular（环形）或 linear（线形）"
      },
      {
        "key": "enableListItemProgressBar",
        "name": "启用列表视图进度条",
        "type": "switch",
        "default": true,
        "help": "启用后列表视图中将会显示进度条来表示使用率"
      },
      {
        "name": "Instance 设置",
        "type": "title"
      },
      {
        "key": "enableInstanceDetail",
        "name": "启用 Instance 详情信息",
        "type": "switch",
        "default": true,
        "help": "启用后默认显示 Instance 详情"
      },
      {
        "key": "enablePingChart",
        "name": "启用延迟图表",
        "type": "switch",
        "default": true,
        "help": "启用后默认显示延迟图表"
      },
      {
        "key": "enableConnectBreaks",
        "name": "启用连接断点",
        "type": "switch",
        "default": false,
        "help": "启用后图表中的曲线将会跨过断点形成连续的线条，并使用半透明的垂直参考线来标记断点位置"
      },
      {
        "key": "pingChartMaxPoints",
        "name": "延迟图表最大渲染点数",
        "type": "number",
        "default": 0,
        "help": "设置延迟图表的最大渲染点数来优化图表渲染，0 表示不限制，推荐值为 2000 或更小的值"
      }
    ]
  }
}
